Workbook

Sheet Data Input
A1: # | B1: Song | C1: Artist | D1: Popularity | E1: BPM | F1: Genres | G1: Album | H1: Album Date | I1: Time | J1: Dance | K1: Energy | L1: Acoustic | M1: Instrumental | N1: Happy | O1: Speech | P1: Live | Q1: Loud (Db) | R1: Key | S1: Time Signature | T1: Added At | U1: Spotify Track Id | V1: Camelot | W1: ISRC
A2: 1 | B2: Somebody Made For Me | C2: Emitt Rhodes | D2: 47 | E2: 179 | F2: baroque pop, power pop | G2: The Emitt Rhodes Recordings (1969-1973) | H2: 40008 | I2: 0.10138889 | J2: 31 | K2: 52 | L2: 10 | M2: 0 | N2: 61 | O2: 0 | P2: 0 | Q2: -8 | R2: G#/A♭ Major | S2: 4 | T2: 45880 | U2: 2hq50hCUUknhUXZ9uL3wgq | V2: 4B | W2: USMC17054041
A3: 2 | B3: You're A Song (That I Can't Sing) | C3: Frankie Valli & The Four Seasons | D3: 33 | E3: 78 | F3: doo-wop, northern soul, motown | G3: Chameleon | H3: 26420 | I3: 0.13263889 | J3: 50 | K3: 56 | L3: 18 | M3: 0 | N3: 64 | O3: 0 | P3: 0 | Q3: -9 | R3: C Minor | S3: 4 | T3: 45880 | U3: 5ZXxJ5AWzZ6Td3MZKbwwdt | V3: 5A | W3: USUM70813531
A4: 3 | B4: Always See Your Face | C4: Love | D4: 51 | E4: 110 | F4: psychedelic rock, acid rock, baroque pop, proto-punk | G4: Four Sail (Expanded Edition) | H4: 25447 | I4: 0.14513889 | J4: 57 | K4: 58 | L4: 38 | M4: 0 | N4: 92 | O4: 0 | P4: 0 | Q4: -13 | R4: C Major | S4: 4 | T4: 45880 | U4: 6OojY4NdPiEGWHV2EUSwHz | V4: 8B | W4: USEE10182644
A5: 4 | B5: When Your Parents Go to Sleep - 2003 Remaster | C5: Kevin Ayers | D5: 32 | E5: 142 | F5: progressive rock, art rock, krautrock, psychedelic rock | G5: Bananamour | H5: 1973-00-00 | I5: 0.24097222 | J5: 53 | K5: 38 | L5: 15 | M5: 0 | N5: 59 | O5: 0 | P5: 10 | Q5: -9 | R5: C Major | S5: 3 | T5: 45880 | U5: 5HUFcB9PHfVcvXF44u98SI | V5: 8B | W5: GBAYE0300437
A6: 5 | B6: Mucho Mungo / Mt. Elga | C6: Harry Nilsson | D6: 33 | E6: 116 | F6: baroque pop, singer-songwriter | G6: Pussy Cats | H6: 27260 | I6: 0.15833333 | J6: 65 | K6: 52 | L6: 31 | M6: 30 | N6: 57 | O6: 0 | P6: 0 | Q6: -11 | R6: D Major | S6: 4 | T6: 45880 | U6: 1xcJNBxc4MYFEN6UoE2HUY | V6: 10B | W6: USRC17402438
A7: 6 | B7: Be Thankful for What You Got | C7: Love | D7: 44 | E7: 99 | F7: psychedelic rock, acid rock, baroque pop, proto-punk | G7: Reel to Real (Deluxe Version) | H7: 42335 | I7: 0.18958333 | J7: 68 | K7: 59 | L7: 65 | M7: 4 | N7: 62 | O7: 20 | P7: 0 | Q7: -12 | R7: B Minor | S7: 4 | T7: 45880 | U7: 1twhAK1Iu5eZYzFrH2LC8P | V7: 10A | W7: QMEF91350058
A8: 7 | B8: Ruler Of My Heart | C8: Irma Thomas | D8: 45 | E8: 94 | F8: classic soul | G8: Irma Thomas Collection: 1961-1966 | H8: 35065 | I8: 0.11041667 | J8: 61 | K8: 28 | L8: 86 | M8: 28 | N8: 47 | O8: 0 | P8: 10 | Q8: -14 | R8: A Major | S8: 3 | T8: 45880 | U8: 2W9cyvOHeC26mSy96802Kk | V8: 11B | W8: USEM39400180
A9: 8 | B9: Wish I Had Not Said That | C9: J.J. Cale | D9: 43 | E9: 90 | F9: blues, blues rock, roots rock | G9: Shades | H9: 29618 | I9: 0.14027778 | J9: 82 | K9: 22 | L9: 68 | M9: 19 | N9: 71 | O9: 0 | P9: 10 | Q9: -17 | R9: C Major | S9: 4 | T9: 45880 | U9: 21xRayzq2plVwcnONznLiy | V9: 8B | W9: NLF050290053
A10: 9 | B10: Sycamore | C10: Bill Callahan | D10: 42 | E10: 120 | F10: alt country | G10: Woke On A Whaleheart | H10: 39196 | I10: 0.23263889 | J10: 66 | K10: 75 | L10: 11 | M10: 0 | N10: 77 | O10: 0 | P10: 10 | Q10: -6 | R10: B Major | S10: 4 | T10: 45880 | U10: 0do3zfmbVl5DiGxUXrbhrT | V10: 1B | W10: US58L0733204
A11: 10 | B11: Aretha, Sing One for Me | C11: George Jackson | D11: 40 | E11: 86 | F11: northern soul, soul | G11: The Blues Sessions | H11: 42705 | I11: 0.12291667 | J11: 69 | K11: 34 | L11: 80 | M11: 1 | N11: 61 | O11: 0 | P11: 10 | Q11: -11 | R11: C Major | S11: 4 | T11: 45880 | U11: 37YeLdDc63BahWGwCaViTB | V11: 8B | W11: US2HK1330630
A12: 11 | B12: You've Got a Woman | C12: Lion | D12: 57 | E12: 144 | G12: You've Got a Woman | H12: 27395 | I12: 0.14236111 | J12: 72 | K12: 86 | L12: 29 | M12: 0 | N12: 97 | O12: 0 | P12: 0 | Q12: -7 | R12: F#/G♭ Minor | S12: 4 | T12: 45880 | U12: 6G6mulVvHFpJsnoKASUPYP | V12: 11A | W12: USCW61706301
A13: 12 | B13: I Love Hot Nights | C13: Jonathan Richman,The Modern Lovers | D13: 39 | E13: 112 | F13: proto-punk, anti-folk | G13: Modern Lovers 88 | H13: 1987-00-00 | I13: 0.12291667 | J13: 71 | K13: 61 | L13: 59 | M13: 0 | N13: 85 | O13: 0 | P13: 0 | Q13: -12 | R13: F Major | S13: 4 | T13: 45880 | U13: 7xqwxkdMnYCcEegCtFfbK5 | V13: 7B | W13: USC4R2111532
A14: 13 | B14: Girl from the Mountain | C14: Ghetto Brothers | D14: 31 | E14: 123 | G14: Power Fuerza | H14: 1972-00-00 | I14: 0.18333333 | J14: 47 | K14: 68 | L14: 28 | M14: 0 | N14: 87 | O14: 0 | P14: 0 | Q14: -9 | R14: A#/B♭ Minor | S14: 4 | T14: 45880 | U14: 5d0Ga3ZvRUD9hdLv189r1A | V14: 3A | W14: QM6P41449831
A15: 14 | B15: Can't Nobody Love You | C15: The Zombies | D15: 41 | E15: 102 | F15: baroque pop, psychedelic rock | G15: Begin Here | H15: 23862 | I15: 0.094444444 | J15: 45 | K15: 41 | L15: 76 | M15: 0 | N15: 58 | O15: 0 | P15: 20 | Q15: -9 | R15: C Major | S15: 3 | T15: 45880 | U15: 0sbBYPII5ZMditx4u3vodY | V15: 8B | W15: GBCBS6432200
A16: 15 | B16: Till The Moon Don’t Shine | C16: Female Species | D16: 37 | E16: 84 | F16: psychedelic rock | G16: Tale Of My Lost Love | H16: 44295 | I16: 0.12013889 | J16: 57 | K16: 27 | L16: 14 | M16: 0 | N16: 48 | O16: 0 | P16: 0 | Q16: -13 | R16: C♯/D♭ Major | S16: 4 | T16: 45880 | U16: 4zkSbeukT3yk4mKvmUhkqg | V16: 3B | W16: USCW62107314
A17: 16 | B17: Wichita Lineman | C17: The Meters | D17: 35 | E17: 83 | F17: funk, soul, jazz funk | G17: Struttin' | H17: 1970-00-00 | I17: 0.12430556 | J17: 54 | K17: 34 | L17: 21 | M17: 1 | N17: 35 | O17: 0 | P17: 20 | Q17: -15 | R17: D Minor | S17: 4 | T17: 45880 | U17: 3EgkmxKS8IN08vbdoL7cFi | V17: 7A | W17: USRH10164885
A18: 17 | B18: I Don't Care | C18: Final Solution | D18: 35 | E18: 94 | G18: Brotherman: OST by The Final Solution | H18: 39672 | I18: 0.17847222 | J18: 47 | K18: 73 | L18: 24 | M18: 0 | N18: 61 | O18: 0 | P18: 0 | Q18: -7 | R18: E Minor | S18: 4 | T18: 45880 | U18: 6ws2EQ5IRAc2N874bKSIBm | V18: 9A | W18: USCW60802203
A19: 18 | B19: Sister, Brother | C19: F. J. McMahon | D19: 45 | E19: 94 | G19: Spirit of the Golden Juice | H19: 43888 | I19: 0.17083333 | J19: 67 | K19: 51 | L19: 63 | M19: 10 | N19: 65 | O19: 0 | P19: 0 | Q19: -12 | R19: A Minor | S19: 4 | T19: 45880 | U19: 1NH6FdQ8V0Idg0UK5v9w7R | V19: 8A | W19: QMV8L1604601
A20: 19 | B20: Fine Street Woman | C20: Kathy Heideman | D20: 29 | E20: 87 | G20: Move With Love | H20: 41548 | I20: 0.18680556 | J20: 51 | K20: 42 | L20: 50 | M20: 0 | N20: 58 | O20: 0 | P20: 20 | Q20: -11 | R20: B Minor | S20: 4 | T20: 45880 | U20: 4o2UB9Fc01g6RQLiP644f0 | V20: 10A | W20: USCW61300119
A21: 20 | B21: Get Thy Bearings | C21: Donovan | D21: 44 | E21: 76 | F21: folk rock, psychedelic rock | G21: The Hurdy Gurdy Man | H21: 25112 | I21: 0.11527778 | J21: 57 | K21: 27 | L21: 38 | M21: 49 | N21: 56 | O21: 0 | P21: 10 | Q21: -17 | R21: E Minor | S21: 4 | T21: 45880 | U21: 6poYscuLQG8hvpxNnyeMUV | V21: 9A | W21: USSM19912401
A22: 21 | B22: No Other | C22: Gene Clark | D22: 41 | E22: 97 | F22: country rock, baroque pop, folk rock, americana | G22: No Other | H22: 27273 | I22: 0.21388889 | J22: 47 | K22: 62 | L22: 42 | M22: 72 | N22: 55 | O22: 0 | P22: 10 | Q22: -14 | R22: D Major | S22: 4 | T22: 45880 | U22: 6gzhmgjSvFuwTLc6XyRv2Q | V22: 10B | W22: USEE10251076
A23: 22 | B23: Forever | C23: Pete Drake | D23: 31 | E23: 102 | G23: Steel Funk | H23: 22268 | I23: 0.11180556 | J23: 61 | K23: 31 | L23: 47 | M23: 46 | N23: 59 | O23: 0 | P23: 10 | Q23: -13 | R23: C Major | S23: 3 | T23: 45880 | U23: 4tLRRQdI6QyPdCU9m2uBTi | V23: 8B | W23: DEXO52469239
A24: 23 | B24: I Am Controlled By Your Love | C24: Helene Smith | D24: 40 | E24: 79 | F24: northern soul, classic soul | G24: I Am Controlled By Your Love | H24: 45079 | I24: 0.12986111 | J24: 58 | K24: 48 | L24: 18 | M24: 3 | N24: 46 | O24: 0 | P24: 10 | Q24: -7 | R24: B Minor | S24: 4 | T24: 45880 | U24: 5QeUAekmZn2nyiBzW5cUUv | V24: 10A | W24: USCW60600703
A25: 24 | B25: Synthetic World | C25: Swamp Dogg | D25: 36 | E25: 89 | F25: retro soul | G25: The Excellent Sides of Swamp Dogg Vol. 1 | H25: 39542 | I25: 0.14236111 | J25: 79 | K25: 34 | L25: 14 | M25: 1 | N25: 88 | O25: 0 | P25: 10 | Q25: -16 | R25: A#/B♭ Major | S25: 4 | T25: 45880 | U25: 2SzN8aFto8qDLdA9Lj0txB | V25: 6B | W25: USLN70810710
A26: 25 | B26: Anemone | C26: The Brian Jonestown Massacre | D26: 62 | E26: 83 | F26: neo-psychedelic, shoegaze, psychedelic rock, space rock | G26: Their Satanic Majesties' Second Request | H26: 39608 | I26: 0.23194444 | J26: 53 | K26: 64 | L26: 6 | M26: 84 | N26: 61 | O26: 0 | P26: 20 | Q26: -13 | R26: F Minor | S26: 4 | T26: 45880 | U26: 70WSr32oW4jC1na5I0j0D6 | V26: 4A | W26: GBSLX0810071
A27: 26 | B27: One Evening | C27: Feist | D27: 59 | E27: 112 | G27: Let It Die | H27: 37987 | I27: 0.15 | J27: 96 | K27: 38 | L27: 13 | M27: 0 | N27: 63 | O27: 0 | P27: 0 | Q27: -10 | R27: C Minor | S27: 4 | T27: 45880 | U27: 09dYenMs0WXWh0pAAtd9Zd | V27: 5A | W27: FRZ020302450
A28: 27 | B28: The Magician | C28: Andy Shauf | D28: 49 | E28: 135 | G28: The Party | H28: 42510 | I28: 0.16041667 | J28: 57 | K28: 33 | L28: 38 | M28: 0 | N28: 23 | O28: 0 | P28: 10 | Q28: -9 | R28: A Major | S28: 4 | T28: 45880 | U28: 3dsd09qrt34YuS6NPbQtYq | V28: 11B | W28: USEP41541003
A29: 28 | B29: Diving Woman | C29: Japanese Breakfast | D29: 49 | E29: 120 | G29: Soft Sounds from Another Planet | H29: 42930 | I29: 0.27222222 | J29: 46 | K29: 75 | L29: 0 | M29: 63 | N29: 26 | O29: 0 | P29: 10 | Q29: -7 | R29: E Major | S29: 4 | T29: 45880 | U29: 6V7c8Dd40BKFqWIYS5zTXx | V29: 12B | W29: USJ5G1713301
A30: 29 | B30: The Conservation of Energy | C30: Vanishing Twin | D30: 36 | E30: 92 | F30: neo-psychedelic | G30: Choose Your Own Adventure | H30: 42643 | I30: 0.17569444 | J30: 47 | K30: 64 | L30: 5 | M30: 61 | N30: 26 | O30: 0 | P30: 10 | Q30: -6 | R30: G Major | S30: 4 | T30: 45880 | U30: 301Xkz1BXL7ve3gl9tRWRM | V30: 9B | W30: GBUQH1500185
A31: 30 | B31: Low Sun | C31: Hermanos Gutiérrez | D31: 67 | E31: 98 | G31: Sonido Cósmico | H31: 45457 | I31: 0.13055556 | J31: 63 | K31: 48 | L31: 90 | M31: 90 | N31: 45 | O31: 0 | P31: 10 | Q31: -11 | R31: E Minor | S31: 3 | T31: 45880 | U31: 1siRw9E67ouBWsORObDuhZ | V31: 9A | W31: USC4R2441425
A32: 31 | B32: Catamaran | C32: Allah-Las | D32: 56 | E32: 122 | F32: surf rock, neo-psychedelic, psychedelic rock | G32: Allah-Las | H32: 41210 | I32: 0.14722222 | J32: 56 | K32: 85 | L32: 1 | M32: 0 | N32: 70 | O32: 0 | P32: 0 | Q32: -6 | R32: E Minor | S32: 4 | T32: 45880 | U32: 4H0KLsPpr5atperrHGfz3x | V32: 9A | W32: USD8D2007001
A33: 32 | B33: Any Other Way | C33: Jackie Shane | D33: 38 | E33: 106 | F33: northern soul | G33: Any Other Way / Sticks And Stones | H33: 23012 | I33: 0.10694444 | J33: 53 | K33: 45 | L33: 69 | M33: 0 | N33: 54 | O33: 0 | P33: 0 | Q33: -6 | R33: C♯/D♭ Major | S33: 4 | T33: 45880 | U33: 5dtUOwEmnDAzsdodWJk4DA | V33: 3B | W33: USUM71518405
A34: 33 | B34: Video Life | C34: Chris Spedding | D34: 42 | E34: 68 | F34: rockabilly, glam rock | G34: Guitar Graffiti (Expanded Edition) | H34: 28491 | I34: 0.13333333 | J34: 53 | K34: 68 | L34: 16 | M34: 0 | N34: 64 | O34: 0 | P34: 60 | Q34: -6 | R34: E Major | S34: 4 | T34: 45880 | U34: 64bWAl2OJFilKBf8bl5rXx | V34: 12B | W34: GBAYE7900156
A35: 34 | B35: Biological Speculation | C35: Funkadelic | D35: 45 | E35: 148 | F35: funk rock, funk | G35: America Eats Its Young | H35: 26441 | I35: 0.12847222 | J35: 58 | K35: 51 | L35: 54 | M35: 0 | N35: 82 | O35: 0 | P35: 10 | Q35: -12 | R35: F Minor | S35: 4 | T35: 45880 | U35: 1S4igP7OpCUIEC5l75DssU | V35: 4A | W35: US25X0588966
A36: 35 | B36: Everybody's Talkin' - From Midnight Cowboy | C36: Harry Nilsson | D36: 67 | E36: 125 | F36: baroque pop, singer-songwriter | G36: Aerial Ballet | H36: 25020 | I36: 0.11319444 | J36: 44 | K36: 35 | L36: 34 | M36: 0 | N36: 68 | O36: 0 | P36: 40 | Q36: -16 | R36: E Major | S36: 4 | T36: 45880 | U36: 1jcPcDu2YawPfLhwjYnqK2 | V36: 12B | W36: USRC19901102
A37: 36 | B37: Under the Boardwalk | C37: The Drifters | D37: 70 | E37: 124 | F37: doo-wop, motown | G37: Under the Boardwalk | H37: 23529 | I37: 0.11180556 | J37: 75 | K37: 23 | L37: 91 | M37: 0 | N37: 78 | O37: 0 | P37: 10 | Q37: -14 | R37: G Major | S37: 4 | T37: 45880 | U37: 65jrjEhWfAvysKfnojk1i0 | V37: 9B | W37: USAT20001017
A38: 37 | B38: Sister Golden Hair | C38: America | D38: 78 | E38: 135 | F38: yacht rock, soft rock, folk rock | G38: Hearts | H38: 1975-00-00 | I38: 0.13819444 | J38: 44 | K38: 55 | L38: 13 | M38: 0 | N38: 72 | O38: 0 | P38: 10 | Q38: -12 | R38: E Major | S38: 4 | T38: 45880 | U38: 5VSAonaAPhhGn0G7hMYwWK | V38: 12B | W38: USWB19901801
A39: 38 | B39: It's Too Late | C39: Carole King | D39: 75 | E39: 208 | F39: singer-songwriter, folk rock | G39: Tapestry | H39: 1971-00-00 | I39: 0.16180556 | J39: 45 | K39: 44 | L39: 49 | M39: 1 | N39: 81 | O39: 0 | P39: 10 | Q39: -13 | R39: A Minor | S39: 4 | T39: 45880 | U39: 12q3V8ShACq2PSWINMc2rC | V39: 8A | W39: USSM17100509
A40: 39 | B40: Peaceful Easy Feeling - 2013 Remaster | C40: Eagles | D40: 70 | E40: 143 | F40: classic rock, yacht rock, soft rock | G40: Eagles (2013 Remaster) | H40: 26451 | I40: 0.17847222 | J40: 57 | K40: 63 | L40: 49 | M40: 0 | N40: 87 | O40: 0 | P40: 20 | Q40: -12 | R40: E Major | S40: 4 | T40: 45880 | U40: 40h65HAR8COEoqkMwUUQHu | V40: 12B | W40: USEE11300322
A41: 40 | B41: Hello It's Me | C41: Todd Rundgren | D41: 61 | E41: 87 | F41: yacht rock, power pop, philly soul | G41: Something / Anything? | H41: 1972-00-00 | I41: 0.18333333 | J41: 58 | K41: 85 | L41: 6 | M41: 0 | N41: 78 | O41: 0 | P41: 10 | Q41: -7 | R41: F Major | S41: 4 | T41: 45880 | U41: 3gHFKiDanj4d2rqgHlRFFc | V41: 7B | W41: USRH10553197
A42: 41 | B42: When the Morning Comes | C42: Daryl Hall & John Oates | D42: 55 | E42: 74 | F42: yacht rock, soft rock | G42: Abandoned Luncheonette | H42: 26665 | I42: 0.13263889 | J42: 45 | K42: 42 | L42: 53 | M42: 0 | N42: 82 | O42: 0 | P42: 10 | Q42: -14 | R42: G Major | S42: 4 | T42: 45880 | U42: 75XQk1ewCddGnDuFMYg2iL | V42: 9B | W42: USAT20614603
A43: 42 | B43: Heart Of The Country - Remastered 2012 | C43: Paul McCartney,Linda McCartney | D43: 54 | E43: 172 | G43: Ram (Archive Collection) | H43: 26070 | I43: 0.099305556 | J43: 53 | K43: 33 | L43: 84 | M43: 0 | N43: 81 | O43: 0 | P43: 0 | Q43: -12 | R43: D Minor | S43: 4 | T43: 45880 | U43: 5ZAfhAtEpgScJLzx7hHfLI | V43: 7A | W43: GBCCS1100094
A44: 43 | B44: Can I Call You Rose? | C44: Thee Sacred Souls | D44: 28 | E44: 181 | F44: retro soul | G44: Penrose Records Vol. 1 | H44: 44407 | I44: 0.13194444 | J44: 30 | K44: 40 | L44: 72 | M44: 0 | N44: 42 | O44: 0 | P44: 10 | Q44: -8 | R44: C Minor | S44: 3 | T44: 45880 | U44: 5M3uOHaJTfMeZPERU7mFWY | V44: 5A | W44: USA2B2033442
A45: 44 | B45: When You Go (That's When You'll Know) | C45: The Altons | D45: 14 | E45: 98 | F45: retro soul | G45: Penrose Records Vol. 1 | H45: 44407 | I45: 0.14791667 | J45: 70 | K45: 53 | L45: 24 | M45: 0 | N45: 74 | O45: 0 | P45: 10 | Q45: -6 | R45: D Minor | S45: 4 | T45: 45880 | U45: 7HbzPhTrSaTtbixl2RvkSY | V45: 7A | W45: USA2B2033448
A46: 45 | B46: Love Is The Way | C46: Thee Sacred Souls | D46: 67 | E46: 97 | F46: retro soul | G46: Love Is The Way | H46: 44854 | I46: 0.12430556 | J46: 67 | K46: 50 | L46: 46 | M46: 0 | N46: 77 | O46: 0 | P46: 10 | Q46: -8 | R46: E Major | S46: 4 | T46: 45880 | U46: 1CKfCj9izL24zGTrO6QTFE | V46: 12B | W46: USA2B2205027
A47: 46 | B47: The Dandelion | C47: Oracle Sisters | D47: 57 | E47: 83 | G47: The Dandelion | H47: 44167 | I47: 0.15208333 | J47: 64 | K47: 76 | L47: 40 | M47: 85 | N47: 60 | O47: 0 | P47: 10 | Q47: -8 | R47: B Minor | S47: 4 | T47: 45880 | U47: 37nRhMFqggMLfWOpTL2vgZ | V47: 10A | W47: FRS182089583
A48: 47 | B48: Seven | C48: Men I Trust | D48: 63 | E48: 97 | F48: bedroom pop, indie pop | G48: Seven | H48: 43349 | I48: 0.15625 | J48: 69 | K48: 42 | L48: 67 | M48: 15 | N48: 83 | O48: 0 | P48: 10 | Q48: -11 | R48: E Major | S48: 4 | T48: 45880 | U48: 5QvditjxADt1HMKPgaMjJm | V48: 12B | W48: TCADT1887356
A49: 48 | B49: I Wish You Love, Pt. 1 | C49: Joe Bataan | D49: 53 | E49: 113 | F49: latin jazz | G49: Saint Latin's Day Massacre | H49: 26298 | I49: 0.14722222 | J49: 68 | K49: 35 | L49: 79 | M49: 7 | N49: 26 | O49: 0 | P49: 10 | Q49: -13 | R49: C Major | S49: 4 | T49: 45880 | U49: 33Cjw3758iNxV20YrU2hvO | V49: 8B | W49: USDBB0605377
A50: 49 | B50: Sea Gets Hotter | C50: Durand Jones & The Indications,Durand Jones,Aaron Frazer | D50: 75 | E50: 120 | F50: retro soul | G50: American Love Call | H50: 43525 | I50: 0.13680556 | J50: 79 | K50: 54 | L50: 83 | M50: 0 | N50: 78 | O50: 0 | P50: 30 | Q50: -7 | R50: C Minor | S50: 4 | T50: 45880 | U50: 5ZK62nSchTamBy8F6HIZov | V50: 5A | W50: USJ5G1917710
A51: 50 | B51: Got Caught in Amsterdam | C51: Arc De Soleil | D51: 67 | E51: 157 | G51: The Thief in Marrakesh Got Caught in Amsterdam Trying to Escape | H51: 43756 | I51: 0.11805556 | J51: 66 | K51: 81 | L51: 5 | M51: 81 | N51: 96 | O51: 0 | P51: 30 | Q51: -6 | R51: D Major | S51: 4 | T51: 45880 | U51: 72VliVsh3slpViyWTgRtgs | V51: 10B | W51: SE5Q51902432
A52: 51 | B52: It Only Happens | C52: Delegation | D52: 56 | E52: 97 | G52: The Promise of Love | H52: 27988 | I52: 0.14583333 | J52: 73 | K52: 46 | L52: 78 | M52: 55 | N52: 95 | O52: 0 | P52: 10 | Q52: -19 | R52: E Minor | S52: 4 | T52: 45880 | U52: 33w8iS8eFMbBHj9LpOW8Rw | V52: 9A | W52: GBBHK1100209
A53: 52 | B53: Just As Long As We're Together | C53: Jalen Ngonda | D53: 61 | E53: 171 | F53: retro soul | G53: Just As Long As We're Together | H53: 45729 | I53: 0.13472222 | J53: 57 | K53: 79 | L53: 28 | M53: 0 | N53: 80 | O53: 0 | P53: 10 | Q53: -6 | R53: C Minor | S53: 4 | T53: 45880 | U53: 6uAt2PE7YB5gHeCAFeD7G6 | V53: 5A | W53: USA2B2511897
A54: 53 | B54: If You Don't Want My Love | C54: Jalen Ngonda | D54: 77 | E54: 93 | F54: retro soul | G54: Come Around and Love Me | H54: 45177 | I54: 0.10138889 | J54: 60 | K54: 78 | L54: 13 | M54: 0 | N54: 93 | O54: 0 | P54: 20 | Q54: -6 | R54: B Minor | S54: 4 | T54: 45880 | U54: 4A48ckONJNoXU5smWT9CeG | V54: 10A | W54: US4GZ2307602
A55: 54 | B55: Rome | C55: Dojo Cuts | D55: 66 | E55: 154 | F55: retro soul | G55: Tomorrow's Gonna Come | H55: 43777 | I55: 0.15138889 | J55: 78 | K55: 50 | L55: 49 | M55: 6 | N55: 86 | O55: 0 | P55: 10 | Q55: -8 | R55: B Major | S55: 4 | T55: 45880 | U55: 0t34scg6386JnLUEb7jFb1 | V55: 1B | W55: QZDMQ1918901
A56: 55 | B56: Baby You Got It | C56: Brenton Wood | D56: 55 | E56: 109 | G56: Baby You Got It | H56: 24473 | I56: 0.088888889 | J56: 79 | K56: 70 | L56: 67 | M56: 0 | N56: 96 | O56: 0 | P56: 10 | Q56: -5 | R56: A#/B♭ Minor | S56: 4 | T56: 45880 | U56: 7hphy8rtxpYshs3UzDZTzN | V56: 3A | W56: QMFMK1306001
A57: 56 | B57: Planes | C57: Olive Jones | D57: 44 | E57: 90 | G57: Planes | H57: 45231 | I57: 0.14791667 | J57: 59 | K57: 56 | L57: 64 | M57: 1 | N57: 23 | O57: 0 | P57: 30 | Q57: -6 | R57: C♯/D♭ Minor | S57: 4 | T57: 45880 | U57: 5rmjXskvzRcKeg2VIvd4jr | V57: 12A | W57: UK9AV2302009
A58: 57 | B58: Don't Speak | C58: Loaded Honey,Lydia Kitto,J Lloyd | D58: 61 | E58: 97 | F58: retro soul, | G58: Love Made Trees | H58: 45814 | I58: 0.13472222 | J58: 63 | K58: 73 | L58: 45 | M58: 0 | N58: 88 | O58: 0 | P58: 0 | Q58: -5 | R58: F Minor | S58: 4 | T58: 45880 | U58: 2sKjOX72UX1HiCDhI2HdlR | V58: 4A | W58: QM6MZ2521882
A59: 58 | B59: Dance | C59: Natalie Bergman | D59: 43 | E59: 121 | G59: My Home Is Not In This World | H59: 45856 | I59: 0.11388889 | J59: 84 | K59: 68 | L59: 87 | M59: 15 | N59: 97 | O59: 0 | P59: 0 | Q59: -5 | R59: D Major | S59: 4 | T59: 45880 | U59: 1l9AXDDVSrKkVQxVTZkY8Z | V59: 10B | W59: US3JJ2501194
A60: 59 | B60: Use Me | C60: Bill Withers | D60: 49 | E60: 155 | F60: soul, classic soul, motown | G60: Lean on Me: The Best of Bill Withers | H60: 34555 | I60: 0.15833333 | J60: 75 | K60: 64 | L60: 5 | M60: 0 | N60: 96 | O60: 0 | P60: 0 | Q60: -12 | R60: B Minor | S60: 4 | T60: 45880 | U60: 2WVz9Mtp3E8HCblGiu3nCv | V60: 10A | W60: USSM17200281
A61: 60 | B61: Down in the Valley - Mono; 2018 Remaster | C61: Otis Redding | D61: 42 | E61: 98 | F61: soul, motown, classic soul, soul blues | G61: Otis Blue: Otis Redding Sings Soul (Collector's Edition) | H61: 24000 | I61: 0.12430556 | J61: 79 | K61: 49 | L61: 44 | M61: 2 | N61: 91 | O61: 0 | P61: 0 | Q61: -8 | R61: C Major | S61: 4 | T61: 45880 | U61: 5DaqgXFk5SxNCiMOpuPJS2 | V61: 8B | W61: USAT20800904
A62: 61 | B62: Son of a Preacher Man | C62: Aretha Franklin | D62: 57 | E62: 78 | F62: soul, motown, classic soul, jazz blues | G62: This Girl's in Love with You | H62: 25583 | I62: 0.13819444 | J62: 47 | K62: 47 | L62: 55 | M62: 0 | N62: 56 | O62: 0 | P62: 0 | Q62: -11 | R62: D Major | S62: 4 | T62: 45880 | U62: 4uCbetXW9LStYPUjCpBVp9 | V62: 10B | W62: USAT20801270
A63: 62 | B63: Tired Of Being Alone | C63: Al Green | D63: 0 | E63: 98 | F63: soul, classic soul, motown, soul blues | G63: Greatest Hits | H63: 27543 | I63: 0.11319444 | J63: 77 | K63: 42 | L63: 50 | M63: 0 | N63: 72 | O63: 0 | P63: 0 | Q63: -8 | R63: G Major | S63: 4 | T63: 45880 | U63: 6d9rNfRFOQ0XmsUwJ8C5J0 | V63: 9B | W63: US2HK0914201
A64: 63 | B64: Keep On Pushing | C64: The Impressions | D64: 0 | E64: 134 | F64: motown, soul, classic soul, northern soul, doo-wop | G64: Dead Presidents Volume II / Music From The Motion Picture | H64: 40151 | I64: 0.10625 | J64: 68 | K64: 44 | L64: 61 | M64: 0 | N64: 64 | O64: 0 | P64: 10 | Q64: -10 | R64: C♯/D♭ Minor | S64: 3 | T64: 45880 | U64: 3Z2IFcYlXRgHz1PsRUFqrj | V64: 12A | W64: USMC10200100
A65: 64 | B65: Bring It On Home to Me | C65: Sam Cooke | D65: 63 | E65: 71 | F65: motown, soul, classic soul | G65: The Man Who Invented Soul | H65: 36795 | I65: 0.1125 | J65: 52 | K65: 40 | L65: 78 | M65: 0 | N65: 68 | O65: 0 | P65: 40 | Q65: -8 | R65: C Major | S65: 4 | T65: 45880 | U65: 0WVTQp3SOCuMr08jh1jweV | V65: 8B | W65: USRC16206739
A66: 65 | B66: Never Give You Up (feat. Stevie Wonder & CJ) | C66: Raphael Saadiq,Stevie Wonder,CJ | D66: 36 | E66: 88 | F66: neo soul, soul, retro soul, motown, classic soul, dembow | G66: The Way I See It | H66: 39706 | I66: 0.175 | J66: 65 | K66: 78 | L66: 4 | M66: 0 | N66: 69 | O66: 0 | P66: 10 | Q66: -5 | R66: A#/B♭ Minor | S66: 4 | T66: 45880 | U66: 5B4rfvTKKv3sjnRghgivH1 | V66: 3A | W66: USSM10802760
A67: 66 | B67: Prism | C67: Say She She | D67: 57 | E67: 172 | F67: retro soul | G67: Prism | H67: 44841 | I67: 0.16111111 | J67: 46 | K67: 73 | L67: 9 | M67: 40 | N67: 67 | O67: 0 | P67: 20 | Q67: -8 | R67: D Major | S67: 3 | T67: 45880 | U67: 0tpaVCA6VnQOUAI0EpFZpk | V67: 10B | W67: QZDMQ2150078
A68: 67 | B68: Let The Radio Play | C68: Reverend Baron | D68: 49 | E68: 107 | G68: Let The Radio Play | H68: 44461 | I68: 0.14513889 | J68: 72 | K68: 53 | L68: 95 | M68: 41 | N68: 79 | O68: 0 | P68: 10 | Q68: -9 | R68: F Minor | S68: 4 | T68: 45880 | U68: 02gdamJgcfDKYV4QDWTT07 | V68: 4A | W68: QZDMQ2150065
A69: 68 | B69: Open My Eyes | C69: The Sha La Das | D69: 39 | E69: 133 | F69: retro soul | G69: Love in the Wind | H69: 43364 | I69: 0.15625 | J69: 47 | K69: 30 | L69: 23 | M69: 0 | N69: 41 | O69: 0 | P69: 0 | Q69: -8 | R69: D Major | S69: 3 | T69: 45880 | U69: 24Ve17KTKsFOxiyBgSWjYV | V69: 10B | W69: US4GZ1805301
A70: 69 | B70: Planet Queen - 2003 Remaster | C70: T. Rex | D70: 34 | E70: 81 | F70: glam rock, proto-punk | G70: Electric Warrior [Expanded & Remastered] | H70: 26200 | I70: 0.13402778 | J70: 64 | K70: 66 | L70: 26 | M70: 0 | N70: 97 | O70: 0 | P70: 40 | Q70: -11 | R70: E Minor | S70: 4 | T70: 45880 | U70: 5vqGXUifO0oYEQ2uMTDCp4 | V70: 9A | W70: USRE10300008
A71: 70 | B71: Every Man Has A Woman Who Loves Him - Remastered 2010 | C71: Yoko Ono | D71: 34 | E71: 122 | F71: christmas | G71: Double Fantasy | H71: 29542 | I71: 0.16875 | J71: 81 | K71: 67 | L71: 34 | M71: 55 | N71: 95 | O71: 0 | P71: 0 | Q71: -8 | R71: E Minor | S71: 4 | T71: 45880 | U71: 24ooSJNSbPMfKxxfeHF48S | V71: 9A | W71: USTO11000027
A72: 71 | B72: Shoe Salesman | C72: Alice Cooper | D72: 22 | E72: 100 | F72: glam rock, hard rock, glam metal, proto-punk, classic rock | G72: Easy Action | H72: 25569 | I72: 0.11041667 | J72: 45 | K72: 36 | L72: 47 | M72: 0 | N72: 73 | O72: 0 | P72: 10 | Q72: -15 | R72: C Major | S72: 4 | T72: 45880 | U72: 7k8zJtnplDCklOH7ojCwR7 | V72: 8B | W72: USWB10107828
A73: 72 | B73: My Stove's on Fire | C73: Robert Lester Folsom | D73: 49 | E73: 116 | G73: Music and Dreams | H73: 41933 | I73: 0.11666667 | J73: 64 | K73: 67 | L73: 2 | M73: 0 | N73: 93 | O73: 0 | P73: 10 | Q73: -9 | R73: D Major | S73: 4 | T73: 45880 | U73: 3RR8IE3bJwTFiyjbClSKXa | V73: 10B | W73: QMV8L1400706
A74: 73 | B74: Strawberry Letter 23 | C74: Shuggie Otis | D74: 55 | E74: 171 | G74: Freedom Flight | H74: 1971-00-00 | I74: 0.16597222 | J74: 52 | K74: 48 | L74: 14 | M74: 0 | N74: 77 | O74: 0 | P74: 30 | Q74: -13 | R74: A Minor | S74: 4 | T74: 45880 | U74: 4W8IEREeLldaSQyGXcZQ2I | V74: 8A | W74: USSM10104361
A75: 74 | B75: I Got Love | C75: Bobby Oroza,Cold Diamond & Mink | D75: 45 | E75: 77 | F75: retro soul | G75: Get On The Otherside | H75: 44722 | I75: 0.16180556 | J75: 66 | K75: 56 | L75: 32 | M75: 0 | N75: 54 | O75: 0 | P75: 10 | Q75: -6 | R75: F#/G♭ Minor | S75: 4 | T75: 45880 | U75: 00vfnhLSWHOtbfV2gaCNcQ | V75: 11A | W75: QZ2L62000087
A76: 75 | B76: All I Can Do | C76: Wax Machine | D76: 40 | E76: 110 | F76: neo-psychedelic | G76: Hermit's Grove | H76: 44743 | I76: 0.14722222 | J76: 78 | K76: 57 | L76: 13 | M76: 35 | N76: 87 | O76: 0 | P76: 70 | Q76: -7 | R76: B Major | S76: 4 | T76: 45880 | U76: 0yz1TI6VQImAgb4KpASbK7 | V76: 1B | W76: GBZG92100057
A77: 76 | B77: Ghost | C77: Maston,L'Eclair | D77: 38 | E77: 76 | G77: Souvenir | H77: 44449 | I77: 0.13263889 | J77: 55 | K77: 66 | L77: 49 | M77: 90 | N77: 68 | O77: 0 | P77: 0 | Q77: -10 | R77: C♯/D♭ Major | S77: 4 | T77: 45880 | U77: 2Plz2s9nDdYxpk9BhaUJ8h | V77: 3B | W77: USD8D2103005
A78: 77 | B78: Treasure Island | C78: Pearl & The Oysters | D78: 32 | E78: 156 | G78: Flowerland | H78: 44442 | I78: 0.14861111 | J78: 60 | K78: 78 | L78: 6 | M78: 0 | N78: 83 | O78: 0 | P78: 10 | Q78: -7 | R78: A Minor | S78: 4 | T78: 45880 | U78: 6hPZvqmikOgPXYOGPpLzBf | V78: 8A | W78: QZRBC2100003
A79: 78 | B79: When I Wake Up | C79: Big Leaf,Muunjuun,J Greegs | D79: 34 | E79: 180 | G79: Big Leaf | H79: 45247 | I79: 0.10555556 | J79: 61 | K79: 45 | L79: 2 | M79: 77 | N79: 87 | O79: 0 | P79: 10 | Q79: -11 | R79: F#/G♭ Minor | S79: 3 | T79: 45880 | U79: 7Flole9cfAzGwakvJnbCBX | V79: 11A | W79: QZHNA2338580
A80: 79 | B80: Atmosphere | C80: The Colours That Rise,Yazmin Lacey | D80: 44 | E80: 86 | F80: indie soul, neo soul, alternative r&b | G80: Grey Doubt | H80: 43952 | I80: 0.14166667 | J80: 72 | K80: 33 | L80: 40 | M80: 77 | N80: 84 | O80: 0 | P80: 10 | Q80: -15 | R80: B Major | S80: 4 | T80: 45880 | U80: 0PWtb8aCf6vVudatSVUSst | V80: 1B | W80: DEG931912729
A81: 80 | B81: I Root | C81: Michael Nau | D81: 49 | E81: 117 | G81: Some Twist | H81: 42902 | I81: 0.095833333 | J81: 64 | K81: 51 | L81: 86 | M81: 19 | N81: 53 | O81: 0 | P81: 10 | Q81: -10 | R81: D#/E♭ Major | S81: 4 | T81: 45880 | U81: 7opFLwPI53eORdmxyv7Y3f | V81: 5B | W81: US33X1715302
A82: 81 | B82: Marseille | C82: Oracle Sisters | D82: 59 | E82: 100 | G82: Divinations | H82: 45702 | I82: 0.16388889 | J82: 50 | K82: 76 | L82: 2 | M82: 79 | N82: 87 | O82: 0 | P82: 0 | Q82: -9 | R82: C Major | S82: 4 | T82: 45881 | U82: 43qx8PEmvj1r7xO9BKjS3a | V82: 8B | W82: FREGK2400020
A83: 82 | B83: Arrow Through Me - Remastered 1993 | C83: Wings | D83: 54 | E83: 86 | G83: Back To The Egg | H83: 29012 | I83: 0.15 | J83: 87 | K83: 36 | L83: 22 | M83: 3 | N83: 68 | O83: 10 | P83: 10 | Q83: -12 | R83: D Major | S83: 4 | T83: 45881 | U83: 3NiYvMjp5A3FZmP3dojS8k | V83: 10B | W83: GBCCS0700022
A84: 83 | B84: Down By The River | C84: Buddy Miles | D84: 44 | E84: 127 | F84: funk rock | G84: Them Changes | H84: 25569 | I84: 0.26388889 | J84: 60 | K84: 37 | L84: 18 | M84: 0 | N84: 25 | O84: 0 | P84: 10 | Q84: -12 | R84: D Major | S84: 4 | T84: 45881 | U84: 6zYQOQjcQlv5zIJ17q65LG | V84: 10B | W84: USIR20300160
A85: 84 | B85: Bitter with the Sweet | C85: Carole King | D85: 51 | E85: 99 | F85: singer-songwriter, folk rock | G85: Rhymes & Reasons | H85: 26604 | I85: 0.10208333 | J85: 68 | K85: 43 | L85: 76 | M85: 0 | N85: 66 | O85: 0 | P85: 10 | Q85: -14 | R85: C Minor | S85: 4 | T85: 45881 | U85: 6MBS3ARYYlI4FtYjaTinK5 | V85: 5A | W85: USSM10025000
A86: 85 | B86: Sweetest Thing on This Side of Heaven | C86: Papa Bear & His Cubs | D86: 48 | E86: 150 | G86: You're so Fine | H86: 43644 | I86: 0.15347222 | J86: 47 | K86: 30 | L86: 85 | M86: 0 | N86: 60 | O86: 0 | P86: 10 | Q86: -16 | R86: D Major | S86: 4 | T86: 45881 | U86: 6O69NGPST8QReoHAplv9OL | V86: 10B | W86: GBRH31200514
A87: 86 | B87: Tell It Like It Is | C87: Nina Simone | D87: 42 | E87: 98 | F87: vocal jazz, jazz blues, soul, soul jazz, jazz, blues | G87: Here Comes The Sun (Expanded Edition) | H87: 1971-00-00 | I87: 0.16041667 | J87: 55 | K87: 50 | L87: 78 | M87: 0 | N87: 72 | O87: 0 | P87: 10 | Q87: -13 | R87: D#/E♭ Major | S87: 3 | T87: 45881 | U87: 30N5YD1KEtQM2dajFWb0TH | V87: 5B | W87: USRC11100739
A88: 87 | B88: Hazey Jane II | C88: Nick Drake | D88: 56 | E88: 150 | F88: folk, singer-songwriter | G88: Bryter Layter | H88: 25997 | I88: 0.15625 | J88: 63 | K88: 72 | L88: 3 | M88: 3 | N88: 88 | O88: 0 | P88: 0 | Q88: -8 | R88: A#/B♭ Major | S88: 4 | T88: 45881 | U88: 7lDnXMcGYeGnku3H84JlQh | V88: 6B | W88: GBAAN7000017
A89: 88 | B89: Little Bird - Remastered 2001 | C89: The Beach Boys | D89: 38 | E89: 165 | F89: baroque pop | G89: Friends (Remastered) | H89: 25013 | I89: 0.082638889 | J89: 45 | K89: 33 | L89: 12 | M89: 3 | N89: 20 | O89: 0 | P89: 10 | Q89: -10 | R89: F Major | S89: 4 | T89: 45881 | U89: 0EhhRq90FVkx8Rv1vzZUOG | V89: 7B | W89: USCA20100309
A90: 89 | B90: Tell Me With Your Eyes (Just Be You) | C90: Rob Galbraith | D90: 39 | E90: 114 | F90: yacht rock | G90: Damn It All | H90: 42394 | I90: 0.15763889 | J90: 54 | K90: 58 | L90: 70 | M90: 39 | N90: 36 | O90: 0 | P90: 10 | Q90: -9 | R90: B Minor | S90: 4 | T90: 45881 | U90: 0kO8fvAqoXIOLMybjJY108 | V90: 10A | W90: USCW61504601
A91: 90 | B91: Pretty Girl Why | C91: Buffalo Springfield | D91: 47 | E91: 136 | F91: folk rock, country rock | G91: Last Time Around | H91: 1968-00-00 | I91: 0.10208333 | J91: 64 | K91: 45 | L91: 63 | M91: 13 | N91: 78 | O91: 0 | P91: 0 | Q91: -10 | R91: A Major | S91: 4 | T91: 45881 | U91: 7EVWhR9VblkTa5iZDQkacz | V91: 11B | W91: USEW16839303
A92: 91 | B92: Take It Easy (Ever After Lasting Love) | C92: White Denim | D92: 42 | E92: 99 | F92: neo-psychedelic | G92: Stiff | H92: 42454 | I92: 0.14375 | J92: 59 | K92: 45 | L92: 71 | M92: 2 | N92: 42 | O92: 0 | P92: 10 | Q92: -12 | R92: E Major | S92: 4 | T92: 45881 | U92: 16rA17SnfOP6fGSrq2rAQC | V92: 12B | W92: USCJ81501378
A93: 92 | B93: I'm So Happy Now | C93: Willie Wright | D93: 32 | E93: 89 | G93: Telling The Truth | H93: 40568 | I93: 0.18958333 | J93: 58 | K93: 72 | L93: 7 | M93: 0 | N93: 81 | O93: 0 | P93: 0 | Q93: -7 | R93: C♯/D♭ Minor | S93: 4 | T93: 45881 | U93: 3lsn77COybQhdbYy2hJKMq | V93: 12A | W93: USCW61103803
A94: 93 | B94: She Turns My Radio On | C94: Jim Ford | D94: 36 | E94: 92 | G94: Rare Singles and Previously Unreleased Masters, Vol. 1 | H94: 39409 | I94: 0.13888889 | J94: 76 | K94: 74 | L94: 75 | M94: 1 | N94: 81 | O94: 0 | P94: 10 | Q94: -7 | R94: B Minor | S94: 4 | T94: 45881 | U94: 60Lr94URXKMqK6KqEgyFH8 | V94: 10A | W94: DEU470790448
A95: 94 | B95: I Think I'll Call It Morning | C95: Gil Scott-Heron | D95: 44 | E95: 90 | F95: spoken word, jazz funk | G95: Pieces of a Man | H95: 25934 | I95: 0.14652778 | J95: 71 | K95: 62 | L95: 52 | M95: 0 | N95: 93 | O95: 0 | P95: 0 | Q95: -9 | R95: D Major | S95: 4 | T95: 45881 | U95: 4ZquhgZ58o26fg9jC4npy2 | V95: 10B | W95: USRC17101704
A96: 95 | B96: Snakes | C96: El Michels Affair,Lee Fields | D96: 43 | E96: 178 | F96: retro soul, soul | G96: Return To The 37th Chamber | H96: 42839 | I96: 0.088194444 | J96: 55 | K96: 33 | L96: 4 | M96: 6 | N96: 35 | O96: 0 | P96: 20 | Q96: -8 | R96: C Major | S96: 4 | T96: 45881 | U96: 0QgZ2k778hWtS5W1ohVKNF | V96: 8B | W96: QZ2L61600038
A97: 96 | B97: Such a Night | C97: Dr. John | D97: 50 | E97: 121 | F97: cajun, zydeco | G97: In The Right Place | H97: 1973-00-00 | I97: 0.12291667 | J97: 83 | K97: 25 | L97: 53 | M97: 0 | N97: 79 | O97: 10 | P97: 0 | Q97: -17 | R97: F Major | S97: 4 | T97: 45881 | U97: 3GppcLIGlSlvujXgR0pPRt | V97: 7B | W97: USAT20001812
A98: 97 | B98: Inspiration Information | C98: Sharon Jones & The Dap-Kings | D98: 43 | E98: 167 | F98: retro soul, soul, funk | G98: Soul Time! | H98: 40872 | I98: 0.16875 | J98: 61 | K98: 73 | L98: 16 | M98: 0 | N98: 60 | O98: 0 | P98: 30 | Q98: -6 | R98: G Major | S98: 4 | T98: 45881 | U98: 4uDh2RZ6aRGB3a76Ieh4em | V98: 9B | W98: US4GZ1102412
A99: 98 | B99: Nobody but You | C99: Lil' Bob & the Lollipops | D99: 36 | E99: 119 | F99: cajun, zydeco | G99: Swamp Gold, Vol. 4 | H99: 34653 | I99: 0.11319444 | J99: 84 | K99: 33 | L99: 66 | M99: 0 | N99: 68 | O99: 0 | P99: 10 | Q99: -11 | R99: D Minor | S99: 4 | T99: 45881 | U99: 0rhRkThKLZqkC7BSgRW8md | V99: 7A | W99: US9391100137
A100: 99 | B100: Never Too Late | C100: Nat Turner Rebellion | D100: 35 | E100: 148 | F100: philly soul | G100: Laugh To Keep From Crying | H100: 43550 | I100: 0.14444444 | J100: 50 | K100: 36 | L100: 16 | M100: 2 | N100: 68 | O100: 0 | P100: 10 | Q100: -12 | R100: C Major | S100: 4 | T100: 45881 | U100: 6UmyFEmXBEFxrrpoz8rIM1 | V100: 8B | W100: QMMEH1900010
...

Sheet Data Output
A1: Artist | B1: Name | C1: Energy | D1: BPM | E1: Subgenre | F1: ISRC | G1: AI Generated Energy Score | H1: AI Generated Energy Tag | I1: AI Generated Energy Flag | J1: Human Energy Score | K1: In Cache/New | L1: Feedback | M1: Comments
A2: ='Data Input'!C2 -> Emitt Rhodes | B2: ='Data Input'!B2 -> Somebody Made For Me | C2: =IF(J2="","",IF(J2<=2,"Very Low",IF(J2<=4,"Low",IF(J2<=6,"Medium",IF(J2<=8,"High","Very High"))))) | D2: =ROUND(LET(value,'Data Input'!E2,IF(value>140,value/2,value)),0) -> 90 | F2: ='Data Input'!W2 -> USMC17054041 | G2: 5 | H2: Medium | I2: None | K2: From Cache
A3: ='Data Input'!C3 -> Frankie Valli & The Four Seasons | B3: ='Data Input'!B3 -> You're A Song (That I Can't Sing) | C3: =IF(J3="","",IF(J3<=2,"Very Low",IF(J3<=4,"Low",IF(J3<=6,"Medium",IF(J3<=8,"High","Very High"))))) | D3: =ROUND(LET(value,'Data Input'!E3,IF(value>140,value/2,value)),0) -> 78 | F3: ='Data Input'!W3 -> USUM70813531 | G3: 5 | H3: Medium | I3: None | K3: From Cache
A4: ='Data Input'!C4 -> Love | B4: ='Data Input'!B4 -> Always See Your Face | C4: =IF(J4="","",IF(J4<=2,"Very Low",IF(J4<=4,"Low",IF(J4<=6,"Medium",IF(J4<=8,"High","Very High"))))) | D4: =ROUND(LET(value,'Data Input'!E4,IF(value>140,value/2,value)),0) -> 110 | F4: ='Data Input'!W4 -> USEE10182644 | G4: 4 | H4: Low | I4: None | K4: From Cache
A5: ='Data Input'!C5 -> Kevin Ayers | B5: ='Data Input'!B5 -> When Your Parents Go to Sleep - 2003 Remaster | C5: =IF(J5="","",IF(J5<=2,"Very Low",IF(J5<=4,"Low",IF(J5<=6,"Medium",IF(J5<=8,"High","Very High"))))) | D5: =ROUND(LET(value,'Data Input'!E5,IF(value>140,value/2,value)),0) -> 71 | F5: ='Data Input'!W5 -> GBAYE0300437 | G5: 3 | H5: Low | I5: None | K5: From Cache
A6: ='Data Input'!C6 -> Harry Nilsson | B6: ='Data Input'!B6 -> Mucho Mungo / Mt. Elga | C6: =IF(J6="","",IF(J6<=2,"Very Low",IF(J6<=4,"Low",IF(J6<=6,"Medium",IF(J6<=8,"High","Very High"))))) | D6: =ROUND(LET(value,'Data Input'!E6,IF(value>140,value/2,value)),0) -> 116 | F6: ='Data Input'!W6 -> USRC17402438 | G6: 3 | H6: Low | I6: None | K6: From Cache
A7: ='Data Input'!C7 -> Love | B7: ='Data Input'!B7 -> Be Thankful for What You Got | C7: =IF(J7="","",IF(J7<=2,"Very Low",IF(J7<=4,"Low",IF(J7<=6,"Medium",IF(J7<=8,"High","Very High"))))) | D7: =ROUND(LET(value,'Data Input'!E7,IF(value>140,value/2,value)),0) -> 99 | F7: ='Data Input'!W7 -> QMEF91350058 | G7: 5 | H7: Medium | I7: Groove | K7: From Cache
A8: ='Data Input'!C8 -> Irma Thomas | B8: ='Data Input'!B8 -> Ruler Of My Heart | C8: =IF(J8="","",IF(J8<=2,"Very Low",IF(J8<=4,"Low",IF(J8<=6,"Medium",IF(J8<=8,"High","Very High"))))) | D8: =ROUND(LET(value,'Data Input'!E8,IF(value>140,value/2,value)),0) -> 94 | F8: ='Data Input'!W8 -> USEM39400180 | G8: 7 | H8: High | I8: Dynamic, Groove | K8: From Cache
A9: ='Data Input'!C9 -> J.J. Cale | B9: ='Data Input'!B9 -> Wish I Had Not Said That | C9: =IF(J9="","",IF(J9<=2,"Very Low",IF(J9<=4,"Low",IF(J9<=6,"Medium",IF(J9<=8,"High","Very High"))))) | D9: =ROUND(LET(value,'Data Input'!E9,IF(value>140,value/2,value)),0) -> 90 | F9: ='Data Input'!W9 -> NLF050290053 | G9: 4 | H9: Low | I9: None | K9: From Cache
A10: ='Data Input'!C10 -> Bill Callahan | B10: ='Data Input'!B10 -> Sycamore | C10: =IF(J10="","",IF(J10<=2,"Very Low",IF(J10<=4,"Low",IF(J10<=6,"Medium",IF(J10<=8,"High","Very High"))))) | D10: =ROUND(LET(value,'Data Input'!E10,IF(value>140,value/2,value)),0) -> 120 | F10: ='Data Input'!W10 -> US58L0733204 | G10: 3 | H10: Low | I10: None | K10: From Cache
A11: ='Data Input'!C11 -> George Jackson | B11: ='Data Input'!B11 -> Aretha, Sing One for Me | C11: =IF(J11="","",IF(J11<=2,"Very Low",IF(J11<=4,"Low",IF(J11<=6,"Medium",IF(J11<=8,"High","Very High"))))) | D11: =ROUND(LET(value,'Data Input'!E11,IF(value>140,value/2,value)),0) -> 86 | F11: ='Data Input'!W11 -> US2HK1330630 | G11: 5 | H11: Medium | I11: Groove | K11: From Cache
A12: ='Data Input'!C12 -> Lion | B12: ='Data Input'!B12 -> You've Got a Woman | C12: =IF(J12="","",IF(J12<=2,"Very Low",IF(J12<=4,"Low",IF(J12<=6,"Medium",IF(J12<=8,"High","Very High"))))) | D12: =ROUND(LET(value,'Data Input'!E12,IF(value>140,value/2,value)),0) -> 72 | F12: ='Data Input'!W12 -> USCW61706301 | G12: 4 | H12: Low | I12: None | K12: From Cache
A13: ='Data Input'!C13 -> Jonathan Richman,The Modern Lovers | B13: ='Data Input'!B13 -> I Love Hot Nights | C13: =IF(J13="","",IF(J13<=2,"Very Low",IF(J13<=4,"Low",IF(J13<=6,"Medium",IF(J13<=8,"High","Very High"))))) | D13: =ROUND(LET(value,'Data Input'!E13,IF(value>140,value/2,value)),0) -> 112 | F13: ='Data Input'!W13 -> USC4R2111532 | G13: 4 | H13: Low | I13: None | K13: From Cache
... A122: ='Data Input'!C122 -> The Dramatics | B122: ='Data Input'!B122 -> Whatcha See Is Whatcha Get | C122: =IF(J122="","",IF(J122<=2,"Very Low",IF(J122<=4,"Low",IF(J122<=6,"Medium",IF(J122<=8,"High","Very High"))))) | D122: =ROUND(LET(value,'Data Input'!E122,IF(value>140,value/2,value)),0) -> 77 | F122: ='Data Input'!W122 -> USC4R1100182 | G122: 7 | H122: High | I122: Dynamic, Groove | K122: New
A123: ='Data Input'!C123 | B123: ='Data Input'!B123 | C123: =IF(J123="","",IF(J123<=2,"Very Low",IF(J123<=4,"Low",IF(J123<=6,"Medium",IF(J123<=8,"High","Very High"))))) | D123: =ROUND(LET(value,'Data Input'!E123,IF(value>140,value/2,value)),0) -> 0 | F123: ='Data Input'!W123
A124: ='Data Input'!C124 | B124: ='Data Input'!B124 | C124: =IF(J124="","",IF(J124<=2,"Very Low",IF(J124<=4,"Low",IF(J124<=6,"Medium",IF(J124<=8,"High","Very High"))))) | D124: =ROUND(LET(value,'Data Input'!E124,IF(value>140,value/2,value)),0) -> 0 | F124: ='Data Input'!W124
A125: ='Data Input'!C125 | B125: ='Data Input'!B125 | C125: =IF(J125="","",IF(J125<=2,"Very Low",IF(J125<=4,"Low",IF(J125<=6,"Medium",IF(J125<=8,"High","Very High"))))) | D125: =ROUND(LET(value,'Data Input'!E125,IF(value>140,value/2,value)),0) -> 0 | F125: ='Data Input'!W125
A126: ='Data Input'!C126 | B126: ='Data Input'!B126 | C126: =IF(J126="","",IF(J126<=2,"Very Low",IF(J126<=4,"Low",IF(J126<=6,"Medium",IF(J126<=8,"High","Very High"))))) | D126: =ROUND(LET(value,'Data Input'!E126,IF(value>140,value/2,value)),0) -> 0 | F126: ='Data Input'!W126
A127: ='Data Input'!C127 | B127: ='Data Input'!B127 | C127: =IF(J127="","",IF(J127<=2,"Very Low",IF(J127<=4,"Low",IF(J127<=6,"Medium",IF(J127<=8,"High","Very High"))))) | D127: =ROUND(LET(value,'Data Input'!E127,IF(value>140,value/2,value)),0) -> 0 | F127: ='Data Input'!W127
A128: ='Data Input'!C128 | B128: ='Data Input'!B128 | C128: =IF(J128="","",IF(J128<=2,"Very Low",IF(J128<=4,"Low",IF(J128<=6,"Medium",IF(J128<=8,"High","Very High"))))) | D128: =ROUND(LET(value,'Data Input'!E128,IF(value>140,value/2,value)),0) -> 0 | F128: ='Data Input'!W128
A129: ='Data Input'!C129 | B129: ='Data Input'!B129 | C129: =IF(J129="","",IF(J129<=2,"Very Low",IF(J129<=4,"Low",IF(J129<=6,"Medium",IF(J129<=8,"High","Very High"))))) | D129: =ROUND(LET(value,'Data Input'!E129,IF(value>140,value/2,value)),0) -> 0 | F129: ='Data Input'!W129
A130: ='Data Input'!C130 | B130: ='Data Input'!B130 | C130: =IF(J130="","",IF(J130<=2,"Very Low",IF(J130<=4,"Low",IF(J130<=6,"Medium",IF(J130<=8,"High","Very High"))))) | D130: =ROUND(LET(value,'Data Input'!E130,IF(value>140,value/2,value)),0) -> 0 | F130: ='Data Input'!W130
A131: ='Data Input'!C131 | B131: ='Data Input'!B131 | C131: =IF(J131="","",IF(J131<=2,"Very Low",IF(J131<=4,"Low",IF(J131<=6,"Medium",IF(J131<=8,"High","Very High"))))) | D131: =ROUND(LET(value,'Data Input'!E131,IF(value>140,value/2,value)),0) -> 0 | F131: ='Data Input'!W131
A132: ='Data Input'!C132 | B132: ='Data Input'!B132 | C132: =IF(J132="","",IF(J132<=2,"Very Low",IF(J132<=4,"Low",IF(J132<=6,"Medium",IF(J132<=8,"High","Very High"))))) | D132: =ROUND(LET(value,'Data Input'!E132,IF(value>140,value/2,value)),0) -> 0 | F132: ='Data Input'!W132
A133: ='Data Input'!C133 | B133: ='Data Input'!B133 | C133: =IF(J133="","",IF(J133<=2,"Very Low",IF(J133<=4,"Low",IF(J133<=6,"Medium",IF(J133<=8,"High","Very High"))))) | D133: =ROUND(LET(value,'Data Input'!E133,IF(value>140,value/2,value)),0) -> 0 | F133: ='Data Input'!W133
A134: ='Data Input'!C134 | B134: ='Data Input'!B134 | C134: =IF(J134="","",IF(J134<=2,"Very Low",IF(J134<=4,"Low",IF(J134<=6,"Medium",IF(J134<=8,"High","Very High"))))) | D134: =ROUND(LET(value,'Data Input'!E134,IF(value>140,value/2,value)),0) -> 0 | F134: ='Data Input'!W134
... A816: ='Data Input'!C816 | B816: ='Data Input'!B816 | C816: =IF(J816="","",IF(J816<=2,"Very Low",IF(J816<=4,"Low",IF(J816<=6,"Medium",IF(J816<=8,"High","Very High"))))) | D816: =ROUND(LET(value,'Data Input'!E816,IF(value>140,value/2,value)),0) -> 0 | F816: ='Data Input'!W816

Sheet Feedback Options
A1: Aggressive (All)
A2: Aggressive (Vocals)
A3: Ballad-Like
A4: Curation Quality is Poor
A5: Dark, Broody Track
A6: Dated Track
A7: Energy is high
A8: Energy is low
A9: Good Track
A10: Great Track
A11: Lacks Accessibility/Too Eclectic
A12: Not smooth and steady
... A18: Need Clean Version

Sheet DATA EXPORT
A1: Artist | B1: Name | C1: Energy | D1: BPM | E1: Subgenre | F1: ISRC
A2: ='Data Input'!C2 -> Emitt Rhodes | B2: ='Data Input'!B2 -> Somebody Made For Me | C2: ='Data Output'!C2 | D2: =ROUND(LET(value,'Data Input'!E2,IF(value>140,value/2,value)),0) -> 90 | E2: ='Data Output'!E2 | F2: ='Data Input'!W2 -> USMC17054041
A3: ='Data Input'!C3 -> Frankie Valli & The Four Seasons | B3: ='Data Input'!B3 -> You're A Song (That I Can't Sing) | C3: ='Data Output'!C3 | D3: =ROUND(LET(value,'Data Input'!E3,IF(value>140,value/2,value)),0) -> 78 | E3: ='Data Output'!E3 | F3: ='Data Input'!W3 -> USUM70813531
A4: ='Data Input'!C4 -> Love | B4: ='Data Input'!B4 -> Always See Your Face | C4: ='Data Output'!C4 | D4: =ROUND(LET(value,'Data Input'!E4,IF(value>140,value/2,value)),0) -> 110 | E4: ='Data Output'!E4 | F4: ='Data Input'!W4 -> USEE10182644
A5: ='Data Input'!C5 -> Kevin Ayers | B5: ='Data Input'!B5 -> When Your Parents Go to Sleep - 2003 Remaster | C5: ='Data Output'!C5 | D5: =ROUND(LET(value,'Data Input'!E5,IF(value>140,value/2,value)),0) -> 71 | E5: ='Data Output'!E5 | F5: ='Data Input'!W5 -> GBAYE0300437
A6: ='Data Input'!C6 -> Harry Nilsson | B6: ='Data Input'!B6 -> Mucho Mungo / Mt. Elga | C6: ='Data Output'!C6 | D6: =ROUND(LET(value,'Data Input'!E6,IF(value>140,value/2,value)),0) -> 116 | E6: ='Data Output'!E6 | F6: ='Data Input'!W6 -> USRC17402438
A7: ='Data Input'!C7 -> Love | B7: ='Data Input'!B7 -> Be Thankful for What You Got | C7: ='Data Output'!C7 | D7: =ROUND(LET(value,'Data Input'!E7,IF(value>140,value/2,value)),0) -> 99 | E7: ='Data Output'!E7 | F7: ='Data Input'!W7 -> QMEF91350058
A8: ='Data Input'!C8 -> Irma Thomas | B8: ='Data Input'!B8 -> Ruler Of My Heart | C8: ='Data Output'!C8 | D8: =ROUND(LET(value,'Data Input'!E8,IF(value>140,value/2,value)),0) -> 94 | E8: ='Data Output'!E8 | F8: ='Data Input'!W8 -> USEM39400180
A9: ='Data Input'!C9 -> J.J. Cale | B9: ='Data Input'!B9 -> Wish I Had Not Said That | C9: ='Data Output'!C9 | D9: =ROUND(LET(value,'Data Input'!E9,IF(value>140,value/2,value)),0) -> 90 | E9: ='Data Output'!E9 | F9: ='Data Input'!W9 -> NLF050290053
A10: ='Data Input'!C10 -> Bill Callahan | B10: ='Data Input'!B10 -> Sycamore | C10: ='Data Output'!C10 | D10: =ROUND(LET(value,'Data Input'!E10,IF(value>140,value/2,value)),0) -> 120 | E10: ='Data Output'!E10 | F10: ='Data Input'!W10 -> US58L0733204
A11: ='Data Input'!C11 -> George Jackson | B11: ='Data Input'!B11 -> Aretha, Sing One for Me | C11: ='Data Output'!C11 | D11: =ROUND(LET(value,'Data Input'!E11,IF(value>140,value/2,value)),0) -> 86 | E11: ='Data Output'!E11 | F11: ='Data Input'!W11 -> US2HK1330630
A12: ='Data Input'!C12 -> Lion | B12: ='Data Input'!B12 -> You've Got a Woman | C12: ='Data Output'!C12 | D12: =ROUND(LET(value,'Data Input'!E12,IF(value>140,value/2,value)),0) -> 72 | E12: ='Data Output'!E12 | F12: ='Data Input'!W12 -> USCW61706301
A13: ='Data Input'!C13 -> Jonathan Richman,The Modern Lovers | B13: ='Data Input'!B13 -> I Love Hot Nights | C13: ='Data Output'!C13 | D13: =ROUND(LET(value,'Data Input'!E13,IF(value>140,value/2,value)),0) -> 112 | E13: ='Data Output'!E13 | F13: ='Data Input'!W13 -> USC4R2111532
... A816: ='Data Input'!C816 | B816: ='Data Input'!B816 | C816: ='Data Output'!C816 | D816: =ROUND(LET(value,'Data Input'!E816,IF(value>140,value/2,value)),0) -> 0 | E816: ='Data Output'!E816 | F816: ='Data Input'!W816

Sheet _TagCache
A1: Artist | B1: Title | C1: Energy Score | D1: Energy Label | E1: Flags | F1: Tagged Date | G1: Actual Energy
A2: FLOOR CRY | B2: Happy Together | C2: 6 | D2: Medium | F2: 45860.724
A3: Dr. Dog | B3: Ladada | C3: 6 | D3: Medium | F3: 45860.724
A4: Loving | B4: Visions | C4: 6 | D4: Medium | F4: 45860.724
A5: Still Woozy | B5: Cooks | C5: 6 | D5: Medium | F5: 45860.724
A6: Mazzy Star | B6: Halah | C6: 3 | D6: Low | F6: 45860.724
A7: DOPE LEMON | B7: Kids Fallin' In Love | C7: 6 | D7: Medium | F7: 45860.724
A8: Marcoca | B8: Floating | C8: 4 | D8: Low | F8: 45860.724
A9: Dream Sitch,Michael Nau,Floating Action | B9: Now On | C9: 5 | D9: Medium | F9: 45860.724
A10: Bob Marley & The Wailers | B10: Could You Be Loved | C10: 7 | D10: High | E10: Dynamic, Groove | F10: 45861.435
A11: Surfaces | B11: Sunday Best | C11: 7 | D11: High | E11: Dynamic, Groove | F11: 45861.435
A12: Harry Styles | B12: Watermelon Sugar | C12: 8 | D12: High | E12: Dynamic, Groove, Anthem | F12: 45861.435
A13: Shawn Mendes,Camila Cabello | B13: Señorita | C13: 8 | D13: High | E13: Dynamic, Groove | F13: 45861.435
A14: Luke Combs | B14: Fast Car | C14: 5 | D14: Medium | F14: 45861.435
A15: TOTO | B15: Africa | C15: 8 | D15: High | E15: Dynamic, Anthem | F15: 45861.435
A16: Train | B16: Hey, Soul Sister | C16: 7 | D16: High | E16: Dynamic, Groove | F16: 45861.435
A17: Toploader | B17: Dancing in the Moonlight | C17: 7 | D17: High | E17: Dynamic, Groove, Anthem | F17: 45861.435
A18: Ed Sheeran & Justin Bieber,Justin Bieber | B18: I Don't Care (with Justin Bieber) | C18: 6 | D18: Medium | E18: Groove | F18: 45861.435
A19: Eagle-Eye Cherry | B19: Save Tonight | C19: 6 | D19: Medium | F19: 45861.436
A20: Tom Petty and the Heartbreakers | B20: American Girl | C20: 8 | D20: High | E20: Dynamic, Anthem | F20: 45861.436
A21: Rusted Root | B21: Send Me On My Way | C21: 8 | D21: High | E21: Dynamic, Groove, Anthem | F21: 45861.436
A22: Kenny Chesney,Uncle Kracker | B22: When the Sun Goes Down | C22: 6 | D22: Medium | F22: 45861.436
A23: Sheppard | B23: Geronimo | C23: 8 | D23: High | E23: Dynamic, Anthem | F23: 45861.436
A24: Morgan Wallen | B24: You Proof | C24: 6 | D24: Medium | F24: 45861.436
A25: Empire Of The Sun | B25: Walking On A Dream | C25: 7 | D25: High | E25: Dynamic, Anthem | F25: 45861.436
A26: Eagles | B26: Take It Easy - 2013 Remaster | C26: 6 | D26: Medium | F26: 45861.436
A27: Avicii | B27: The Days | C27: 8 | D27: High | E27: Dynamic, Anthem | F27: 45861.436
A28: Fitz and The Tantrums | B28: HandClap | C28: 8 | D28: High | E28: Dynamic, Groove, Anthem | F28: 45861.436
A29: Rascal Flatts | B29: Summer Nights | C29: 7 | D29: High | E29: Dynamic, Anthem | F29: 45861.436
A30: Of Monsters and Men | B30: Little Talks | C30: 7 | D30: High | E30: Dynamic, Anthem | F30: 45861.436
A31: Twenty One Pilots | B31: Heathens | C31: 7 | D31: High | E31: Dynamic, Anthem | F31: 45861.436
A32: Andrew McMahon in the Wilderness | B32: Cecilia And The Satellite | C32: 6 | D32: Medium | F32: 45861.436
A33: Morgan Wallen | B33: Whiskey Friends | C33: 5 | D33: Medium | F33: 45861.436
A34: Jordan Davis | B34: Singles You Up | C34: 6 | D34: Medium | F34: 45861.436
A35: BTS | B35: Dynamite | C35: 9 | D35: Very High | E35: Dynamic, Groove, Anthem | F35: 45861.436
A36: SZA | B36: Kill Bill | C36: 5 | D36: Medium | F36: 45861.436
A37: Tyla | B37: Water | C37: 8 | D37: High | E37: Dynamic, Groove, Anthem | F37: 45861.436
A38: Selena Gomez | B38: Love On | C38: 6 | D38: Medium | F38: 45861.436
A39: Luke Combs | B39: When It Rains It Pours | C39: 6 | D39: Medium | F39: 45861.436
A40: Two Door Cinema Club | B40: Sure Enough | C40: 7 | D40: High | E40: Dynamic, Groove | F40: 45861.436
A41: Foo Fighters | B41: Learn to Fly | C41: 8 | D41: High | E41: Dynamic, Anthem | F41: 45861.436
A42: Milky Chance | B42: Stolen Dance | C42: 7 | D42: High | E42: Dynamic, Groove | F42: 45861.436
A43: Post Malone | B43: Circles | C43: 5 | D43: Medium | F43: 45861.436
A44: Harry Styles | B44: As It Was | C44: 7 | D44: High | E44: Dynamic, Groove | F44: 45861.437
A45: Morgan Wallen,Florida Georgia Line | B45: Up Down (feat. Florida Georgia Line) | C45: 7 | D45: High | E45: Dynamic, Groove, Anthem | F45: 45861.437
A46: Luke Combs | B46: Beer Never Broke My Heart | C46: 7 | D46: High | E46: Dynamic, Anthem | F46: 45861.437
A47: 5 Seconds of Summer | B47: Youngblood | C47: 8 | D47: High | E47: Dynamic, Anthem | F47: 45861.437
A48: Neon Trees | B48: Animal | C48: 8 | D48: High | E48: Dynamic, Anthem | F48: 45861.437
A49: The Killers | B49: Jenny Was A Friend Of Mine | C49: 7 | D49: High | E49: Dynamic, Anthem | F49: 45861.437
A50: O.A.R. | B50: Love And Memories | C50: 7 | D50: High | E50: Dynamic, Anthem | F50: 45861.437
A51: Kings of Leon | B51: Supersoaker | C51: 7 | D51: High | E51: Dynamic, Groove | F51: 45861.437
A52: Foster The People | B52: Houdini - RAC Remix | C52: 7 | D52: High | E52: Dynamic, Groove | F52: 45861.437
A53: Felix Jaehn,Jasmine Thompson | B53: Ain't Nobody (Loves Me Better) (feat. Jasmine Thompson) | C53: 7 | D53: High | E53: Dynamic, Groove, Anthem | F53: 45861.437
A54: Charlie Puth | B54: Attention | C54: 7 | D54: High | E54: Dynamic, Groove | F54: 45861.437
A55: Jonas Blue,Dakota | B55: Fast Car | C55: 6 | D55: Medium | F55: 45861.437
A56: Daryl Hall & John Oates | B56: You Make My Dreams (Come True) | C56: 8 | D56: High | E56: Dynamic, Groove, Anthem | F56: 45861.437
A57: Andy Grammer | B57: Keep Your Head Up | C57: 8 | D57: High | E57: Dynamic, Anthem | F57: 45861.437
A58: Sara Bareilles | B58: Love Song | C58: 6 | D58: Medium | F58: 45861.437
A59: lovelytheband | B59: broken | C59: 7 | D59: High | E59: Dynamic, Anthem | F59: 45861.437
A60: The Chainsmokers,Coldplay | B60: Something Just Like This | C60: 8 | D60: High | E60: Dynamic, Anthem | F60: 45861.437
A61: George Ezra | B61: Budapest | C61: 7 | D61: High | E61: Dynamic, Anthem | F61: 45861.437
A62: Echosmith | B62: Cool Kids | C62: 7 | D62: High | E62: Dynamic, Anthem | F62: 45861.437
A63: Florida Georgia Line,Luke Bryan | B63: This Is How We Roll | C63: 7 | D63: High | E63: Dynamic, Groove | F63: 45861.437
A64: Keith Urban,Carrie Underwood | B64: The Fighter | C64: 7 | D64: High | E64: Dynamic, Anthem | F64: 45861.437
A65: Eric Church | B65: Drink In My Hand | C65: 7 | D65: High | E65: Dynamic, Groove, Anthem | F65: 45861.437
A66: Macklemore,Kesha | B66: Good Old Days (feat. Kesha) | C66: 7 | D66: High | E66: Dynamic, Anthem | F66: 45861.437
A67: Avicii | B67: Wake Me Up | C67: 8 | D67: High | E67: Dynamic, Anthem | F67: 45861.437
A68: Jason Derulo | B68: Want to Want Me | C68: 8 | D68: High | E68: Dynamic, Groove | F68: 45861.437
A69: MKTO | B69: Classic | C69: 7 | D69: High | E69: Dynamic, Anthem | F69: 45861.437
A70: Neon Trees | B70: Everybody Talks | C70: 8 | D70: High | E70: Dynamic, Anthem | F70: 45861.437
... A78: The Chainsmokers,Halsey | B78: Closer | C78: 7 | D78: High | E78: Dynamic, Anthem | F78: 45861.438
A79: Sam Hunt | B79: Body Like A Back Road | C79: 6 | D79: Medium | F79: 45861.438
A80: Hot Chelle Rae | B80: Tonight Tonight | C80: 8 | D80: High | E80: Dynamic, Anthem | F80: 45861.438
A81: Owl City,Carly Rae Jepsen | B81: Good Time | C81: 8 | D81: High | E81: Dynamic, Anthem | F81: 45861.438
A82: Shawn Mendes | B82: There's Nothing Holdin' Me Back | C82: 8 | D82: High | E82: Dynamic, Anthem | F82: 45861.438
A83: Hailee Steinfeld,Grey,Zedd | B83: Starving | C83: 7 | D83: High | E83: Dynamic, Anthem | F83: 45861.438
A84: Katy Perry | B84: Roar | C84: 9 | D84: Very High | E84: Dynamic, Anthem | F84: 45861.438
A85: Avril Lavigne | B85: Complicated | C85: 5 | D85: Medium | F85: 45861.438
A86: Gwen Stefani,Akon | B86: The Sweet Escape | C86: 7 | D86: High | E86: Dynamic, Groove, Anthem | F86: 45861.438
A87: WALK THE MOON | B87: Shut Up and Dance | C87: 9 | D87: Very High | E87: Dynamic, Anthem | F87: 45861.438
A88: Andy Grammer | B88: Honey, I'm Good | C88: 8 | D88: High | E88: Dynamic, Groove, Anthem | F88: 45861.438
A89: Train | B89: Drive By | C89: 6 | D89: Medium | F89: 45861.438
A90: Ed Sheeran | B90: Castle on the Hill | C90: 7 | D90: High | E90: Dynamic, Anthem | F90: 45861.438
A91: Ed Sheeran | B91: Galway Girl | C91: 7 | D91: High | E91: Dynamic, Groove, Anthem | F91: 45861.438
A92: Vance Joy | B92: Riptide | C92: 6 | D92: Medium | E92: Dynamic, Groove | F92: 45861.438
A93: Katy Perry | B93: Teenage Dream | C93: 8 | D93: High | E93: Dynamic, Anthem | F93: 45861.438
A94: Owl City | B94: Fireflies | C94: 5 | D94: Medium | F94: 45861.439
A95: Shawn Mendes | B95: Stitches | C95: 6 | D95: Medium | F95: 45861.439
A96: One Direction | B96: Drag Me Down | C96: 8 | D96: High | E96: Dynamic, Anthem | F96: 45861.439
A97: Marshmello,Bastille | B97: Happier | C97: 7 | D97: High | E97: Dynamic, Anthem | F97: 45861.439
A98: Rascal Flatts | B98: Life is a Highway | C98: 8 | D98: High | E98: Dynamic, Anthem | F98: 45861.439
A99: Panic! At The Disco | B99: High Hopes | C99: 9 | D99: Very High | E99: Dynamic, Anthem | F99: 45861.439
A100: B.o.B,Hayley Williams | B100: Airplanes (feat. Hayley Williams of Paramore) | C100: 8 | D100: High | E100: Dynamic, Anthem | F100: 45861.439
A101: One Direction | B101: Story of My Life | C101: 6 | D101: Medium | F101: 45861.439
A102: Coldplay | B102: Viva La Vida | C102: 8 | D102: High | E102: Dynamic, Anthem | F102: 45861.439
A103: Imagine Dragons | B103: Whatever It Takes | C103: 8 | D103: High | E103: Dynamic, Anthem | F103: 45861.439
A104: Vanessa Carlton | B104: A Thousand Miles | C104: 6 | D104: Medium | F104: 45861.439
A105: Taylor Swift | B105: You Belong With Me | C105: 8 | D105: High | E105: Dynamic, Anthem | F105: 45861.439
A106: OneRepublic | B106: Good Life | C106: 8 | D106: High | E106: Dynamic, Anthem | F106: 45861.439
A107: Capital Cities | B107: Safe and Sound | C107: 8 | D107: High | E107: Dynamic, Anthem | F107: 45861.439
...
